-- phpMyAdmin SQL Dump
-- version 4.5.1
-- http://www.phpmyadmin.net
--
-- Хост: 127.0.0.1
-- Время создания: Апр 24 2016 г., 18:42
-- Версия сервера: 10.1.10-MariaDB
-- Версия PHP: 7.0.4

SET SQL_MODE = "NO_AUTO_VALUE_ON_ZERO";
SET time_zone = "+00:00";


/*!40101 SET @OLD_CHARACTER_SET_CLIENT=@@CHARACTER_SET_CLIENT */;
/*!40101 SET @OLD_CHARACTER_SET_RESULTS=@@CHARACTER_SET_RESULTS */;
/*!40101 SET @OLD_COLLATION_CONNECTION=@@COLLATION_CONNECTION */;
/*!40101 SET NAMES utf8mb4 */;

--
-- База данных: `snow`
--

-- --------------------------------------------------------

--
-- Структура таблицы `available`
--

CREATE TABLE `available` (
  `id` int(10) UNSIGNED NOT NULL,
  `count` int(11) NOT NULL,
  `size_id` int(10) UNSIGNED NOT NULL,
  `color_id` int(10) UNSIGNED NOT NULL,
  `product_id` int(10) UNSIGNED NOT NULL,
  `status` tinyint(1) DEFAULT '1'
) ENGINE=InnoDB DEFAULT CHARSET=utf8;

--
-- Дамп данных таблицы `available`
--

INSERT INTO `available` (`id`, `count`, `size_id`, `color_id`, `product_id`, `status`) VALUES
(71, 11, 1, 0, 1, 1),
(72, 6, 2, 0, 1, 1),
(73, 4, 3, 0, 2, 1),
(80, 21, 10, 13, 4, 1),
(81, 6, 7, 2, 4, 1),
(82, 15, 8, 2, 4, 1),
(83, 3, 9, 2, 4, 1),
(84, 2, 8, 5, 4, 1),
(85, 14, 10, 5, 4, 1),
(86, 6, 4, 5, 4, 1),
(87, 3, 11, 0, 5, 1),
(88, 2, 12, 0, 5, 1),
(95, 7, 13, 1, 7, 1),
(96, 3, 1, 16, 7, 1),
(97, 7, 15, 1, 7, 1),
(98, 4, 8, 1, 7, 1),
(99, 5, 9, 16, 7, 1),
(100, 4, 3, 0, 8, 1),
(101, 3, 11, 0, 8, 1),
(102, 5, 13, 0, 8, 1),
(124, 4, 13, 2, 10, 1),
(125, 3, 4, 2, 10, 1),
(126, 3, 13, 5, 10, 1),
(127, 5, 14, 5, 10, 1),
(128, 4, 11, 5, 10, 1),
(129, 7, 10, 13, 10, 1),
(130, 4, 8, 13, 10, 1),
(131, 3, 4, 4, 10, 1),
(132, 2, 13, 4, 10, 1),
(143, 6, 20, 0, 12, 1),
(144, 12, 19, 0, 12, 1),
(145, 10, 21, 0, 12, 1),
(146, 3, 11, 0, 14, 1),
(147, 6, 1, 0, 14, 1),
(148, 7, 10, 0, 14, 1),
(149, 5, 16, 2, 11, 1),
(150, 6, 11, 2, 11, 1),
(151, 3, 13, 2, 11, 1),
(152, 6, 11, 9, 11, 1),
(153, 2, 16, 9, 11, 1),
(154, 7, 2, 0, 9, 1),
(155, 4, 8, 0, 9, 1),
(156, 5, 9, 0, 9, 1),
(157, 5, 3, 0, 6, 1),
(158, 3, 11, 0, 6, 1),
(159, 7, 1, 0, 6, 1),
(160, 25, 4, 0, 3, 1),
(161, 5, 5, 0, 3, 1),
(162, 8, 6, 0, 3, 1),
(163, 11, 7, 0, 3, 1),
(164, 23, 8, 0, 3, 1),
(165, 13, 9, 0, 3, 1),
(166, 22, 25, 16, 16, 1),
(167, 28, 27, 16, 16, 1),
(168, 25, 25, 1, 16, 1),
(169, 6, 27, 1, 16, 1),
(170, 7, 25, 2, 17, 1),
(171, 22, 27, 2, 17, 1),
(172, 17, 25, 16, 17, 1),
(173, 5, 29, 16, 17, 1),
(174, 6, 27, 1, 17, 1),
(175, 23, 25, 1, 17, 1),
(176, 17, 29, 1, 17, 1),
(180, 30, 25, 0, 18, 1),
(181, 28, 27, 0, 18, 1),
(182, 14, 29, 0, 18, 1),
(183, 8, 23, 1, 19, 1),
(184, 17, 25, 1, 19, 1),
(185, 18, 27, 1, 19, 1),
(186, 5, 25, 16, 19, 1),
(187, 6, 27, 16, 19, 1),
(188, 3, 30, 16, 21, 1),
(189, 8, 31, 16, 21, 1),
(190, 10, 33, 16, 21, 1),
(191, 10, 34, 16, 21, 1),
(192, 7, 35, 16, 21, 1),
(193, 11, 36, 16, 21, 1),
(194, 4, 37, 16, 21, 1),
(195, 2, 31, 1, 21, 1),
(196, 11, 32, 1, 21, 1),
(197, 14, 33, 1, 21, 1),
(198, 8, 34, 1, 21, 1),
(199, 15, 35, 1, 21, 1),
(200, 3, 36, 1, 21, 1),
(201, 11, 37, 1, 21, 1),
(202, 7, 38, 1, 21, 1),
(203, 5, 33, 1, 22, 1),
(204, 12, 34, 1, 22, 1),
(205, 13, 35, 1, 22, 1),
(206, 10, 37, 1, 22, 1),
(207, 4, 38, 1, 22, 1),
(208, 12, 39, 1, 22, 1),
(209, 6, 40, 1, 22, 1),
(210, 3, 41, 1, 22, 1),
(211, 15, 42, 1, 22, 1),
(212, 15, 43, 1, 22, 1),
(213, 1, 45, 1, 22, 1),
(214, 15, 33, 2, 22, 1),
(215, 9, 34, 2, 22, 1),
(216, 10, 35, 2, 22, 1),
(217, 3, 36, 2, 22, 1),
(218, 13, 37, 2, 22, 1),
(219, 3, 38, 2, 22, 1),
(220, 1, 39, 2, 22, 1),
(221, 8, 40, 2, 22, 1),
(222, 4, 41, 2, 22, 1),
(223, 6, 42, 2, 22, 1),
(224, 8, 43, 2, 22, 1),
(225, 5, 44, 2, 22, 1),
(226, 9, 33, 4, 22, 1),
(227, 1, 34, 4, 22, 1),
(228, 10, 35, 4, 22, 1),
(229, 10, 40, 4, 22, 1),
(230, 15, 41, 4, 22, 1),
(231, 14, 42, 4, 22, 1),
(232, 1, 43, 4, 22, 1),
(233, 15, 44, 4, 22, 1),
(234, 13, 35, 1, 23, 1),
(235, 4, 36, 1, 23, 1),
(236, 3, 37, 1, 23, 1),
(237, 9, 38, 1, 23, 1),
(238, 15, 39, 1, 23, 1),
(239, 10, 40, 1, 23, 1),
(240, 4, 41, 1, 23, 1),
(241, 2, 42, 1, 23, 1),
(242, 7, 43, 1, 23, 1),
(243, 9, 37, 10, 23, 1),
(244, 10, 38, 10, 23, 1),
(245, 10, 39, 10, 23, 1),
(246, 1, 40, 10, 23, 1),
(247, 6, 41, 10, 23, 1),
(248, 3, 42, 10, 23, 1),
(249, 6, 43, 10, 23, 1),
(250, 5, 47, 1, 25, 1),
(251, 10, 48, 1, 25, 1),
(252, 9, 49, 1, 25, 1),
(253, 11, 47, 2, 25, 1),
(254, 9, 48, 2, 25, 1),
(255, 9, 49, 2, 25, 1),
(256, 9, 47, 11, 25, 1),
(257, 8, 49, 11, 25, 1),
(258, 2, 50, 5, 26, 1),
(259, 5, 51, 5, 26, 1),
(260, 9, 50, 3, 26, 1),
(261, 13, 51, 3, 26, 1),
(262, 9, 51, 16, 26, 1),
(263, 8, 48, 16, 27, 1),
(264, 6, 49, 16, 27, 1),
(265, 3, 48, 1, 27, 1),
(266, 5, 47, 2, 27, 1),
(267, 5, 48, 2, 27, 1),
(268, 11, 49, 2, 27, 1),
(269, 11, 47, 5, 27, 1),
(270, 4, 48, 5, 27, 1);

-- --------------------------------------------------------

--
-- Структура таблицы `cargo`
--

CREATE TABLE `cargo` (
  `id` int(10) UNSIGNED NOT NULL,
  `indent_id` int(10) UNSIGNED NOT NULL,
  `available_id` int(10) UNSIGNED NOT NULL,
  `count` int(11) NOT NULL,
  `status` tinyint(1) NOT NULL DEFAULT '1'
) ENGINE=InnoDB DEFAULT CHARSET=utf8;

-- --------------------------------------------------------

--
-- Структура таблицы `category`
--

CREATE TABLE `category` (
  `id` int(10) UNSIGNED NOT NULL,
  `name` varchar(100) NOT NULL,
  `short_name` varchar(100) NOT NULL,
  `description` text NOT NULL,
  `image_id` int(10) UNSIGNED NOT NULL,
  `parent_id` int(10) UNSIGNED NOT NULL DEFAULT '0',
  `sort_order` int(11) NOT NULL,
  `status` tinyint(1) NOT NULL DEFAULT '1'
) ENGINE=InnoDB DEFAULT CHARSET=utf8;

--
-- Дамп данных таблицы `category`
--

INSERT INTO `category` (`id`, `name`, `short_name`, `description`, `image_id`, `parent_id`, `sort_order`, `status`) VALUES
(0, 'null', '', 'null', 0, 0, 0, 1),
(1, 'Сноуборд', 'snowboard', 'Зимний олимпийский вид спорта, заключающийся в спуске с заснеженных склонов и гор на специальном снаряде — сноуборде. Изначально зимний вид спорта, хотя отдельные экстрималы освоили его даже летом, катаясь на сноуборде на песчаных склонах.', 1, 0, 1, 1),
(2, 'Сноуборды', 'boards', 'Cпортивный снаряд, предназначенный для скоростного спуска с заснеженных склонов и гор. Сноуборд представляет собой многослойную конструкцию (в форме доски с загнутыми торцами, со среднестатистической длинной 140—165 см и шириной примерно с длину ступни райдера) с металлическим кантом по периметру нижней части и креплениями (обычно продаются отдельно) для ног.', 8, 1, 1, 1),
(3, 'Крепления', 'bindings', ' ', 40, 1, 2, 1),
(4, 'Ботинки', 'boots', ' ', 54, 1, 3, 1),
(5, 'Шлемы', 'helmets', 'Специальный головной убор лётчиков, танкистов, лыжников, а также особый головной убор для защиты от солнечных лучей.', 67, 1, 4, 1);

-- --------------------------------------------------------

--
-- Структура таблицы `char_name`
--

CREATE TABLE `char_name` (
  `id` int(10) UNSIGNED NOT NULL,
  `name` varchar(100) NOT NULL,
  `category_id` int(10) UNSIGNED NOT NULL,
  `status` tinyint(1) DEFAULT '1'
) ENGINE=InnoDB DEFAULT CHARSET=utf8;

--
-- Дамп данных таблицы `char_name`
--

INSERT INTO `char_name` (`id`, `name`, `category_id`, `status`) VALUES
(1, 'Форма', 2, 1),
(2, 'Жесткость', 2, 1),
(3, 'Тип', 2, 1),
(4, 'Уровень Катания', 2, 1),
(5, 'Стиль Катания', 2, 1),
(6, 'Пол', 2, 1),
(7, 'Жесткость', 3, 1),
(8, 'Уровень Катания', 3, 1),
(9, 'Вид Крепления', 3, 1),
(10, 'Пол', 3, 1),
(11, 'Жесткость', 4, 1),
(12, 'Уровень Катания', 4, 1),
(13, 'Система Шнуровки', 4, 1),
(14, 'Пол', 4, 1),
(15, 'Пол', 5, 1),
(16, 'Конструкция', 5, 1);

-- --------------------------------------------------------

--
-- Структура таблицы `char_value`
--

CREATE TABLE `char_value` (
  `id` int(10) UNSIGNED NOT NULL,
  `value` varchar(100) NOT NULL,
  `name_id` int(10) UNSIGNED NOT NULL,
  `status` tinyint(1) NOT NULL DEFAULT '1'
) ENGINE=InnoDB DEFAULT CHARSET=utf8;

--
-- Дамп данных таблицы `char_value`
--

INSERT INTO `char_value` (`id`, `value`, `name_id`, `status`) VALUES
(1, 'Camber', 1, 1),
(2, 'Camber-Rocker-Camber', 1, 1),
(3, 'Flat', 1, 1),
(4, 'Flat-Camber-Flat', 1, 1),
(5, 'Roc-Cam-Roc-Cam-Roc', 1, 1),
(6, 'Rocker', 1, 1),
(7, 'Rocker-Camber', 1, 1),
(8, 'Rocker-Camber-Rocker', 1, 1),
(9, 'Rocker-Flat', 1, 1),
(10, 'Rocker-Flat-Rocker', 1, 1),
(11, 'Мягкий', 2, 1),
(12, 'Средний', 2, 1),
(13, 'Жесткий', 2, 1),
(14, 'Очень Жесткий', 2, 1),
(15, 'Асимметричный', 3, 1),
(16, 'Направленный', 3, 1),
(17, 'Направленная Твин-Тип', 3, 1),
(18, 'Твин-Тип', 3, 1),
(19, 'Новичок-Прогресирующий', 4, 1),
(20, 'Прогресирующий-Продвинутый', 4, 1),
(21, 'Продвинутый-Эксперт', 4, 1),
(22, 'All-Mountain', 5, 1),
(23, 'Freeride', 5, 1),
(24, 'Freestyle', 5, 1),
(25, 'Мужской', 6, 1),
(26, 'Женский', 6, 1),
(27, 'Унисекс', 6, 1),
(28, 'Детский', 6, 1),
(29, 'Мягкий', 7, 1),
(30, 'Средний', 7, 1),
(31, 'Жесткий', 7, 1),
(32, 'Очень Жесткий', 7, 1),
(33, 'Новичок-Прогресирующий', 8, 1),
(34, 'Прогресирующий-Продвинутый', 8, 1),
(35, 'Продвинутый-Эксперт', 8, 1),
(36, 'Ремешок', 9, 1),
(37, 'Step-In', 9, 1),
(38, 'Мужской', 10, 1),
(39, 'Женский', 10, 1),
(40, 'Унисекс', 10, 1),
(41, 'Детский', 10, 1),
(42, 'Мягкий', 11, 1),
(43, 'Средний', 11, 1),
(44, 'Жесткий', 11, 1),
(45, 'Очень Жесткий', 11, 1),
(46, 'Новичок-Прогресирующий', 12, 1),
(47, 'Прогресирующий-Продвинутый', 12, 1),
(48, 'Продвинутый-Эксперт', 12, 1),
(49, 'Boa', 13, 1),
(50, 'Быстрая Шнуровка', 13, 1),
(51, 'Традиционная', 13, 1),
(52, 'Velcro', 13, 1),
(53, 'Мужской', 14, 1),
(54, 'Женский', 14, 1),
(55, 'Унисекс', 14, 1),
(56, 'Детский', 14, 1),
(57, 'Мужской', 15, 1),
(58, 'Женский', 15, 1),
(59, 'Унисекс', 15, 1),
(60, 'Детский', 15, 1),
(61, 'Full Shell', 16, 1),
(62, 'Half Shell', 16, 1);

-- --------------------------------------------------------

--
-- Структура таблицы `color`
--

CREATE TABLE `color` (
  `id` int(10) UNSIGNED NOT NULL,
  `name` varchar(100) NOT NULL,
  `value` varchar(100) NOT NULL,
  `status` tinyint(1) NOT NULL DEFAULT '1'
) ENGINE=InnoDB DEFAULT CHARSET=utf8;

--
-- Дамп данных таблицы `color`
--

INSERT INTO `color` (`id`, `name`, `value`, `status`) VALUES
(0, 'Default', 'Default', 1),
(1, 'Black', '#000000', 1),
(2, 'Blue', '#0000FF', 1),
(3, 'Cyan', '#00FFFF', 1),
(4, 'Gray', '#808080', 1),
(5, 'Green', '#008000', 1),
(6, 'Lime', '#00FF00', 1),
(7, 'Magenta', '#FF00FF', 1),
(8, 'Maroon', '#800000', 1),
(9, 'Navy', '#000080', 1),
(10, 'Olive', '#808000', 1),
(11, 'Orange', '#FFA500', 1),
(12, 'Purple', '#800080', 1),
(13, 'Red', '#FF0000', 1),
(14, 'Silver', '#C0C0C0', 1),
(15, 'Teal', '#008080', 1),
(16, 'White', '#FFFFFF', 1),
(17, 'Yellow', '#FFFF00', 1);

-- --------------------------------------------------------

--
-- Структура таблицы `contact`
--

CREATE TABLE `contact` (
  `id` int(10) UNSIGNED NOT NULL,
  `name` varchar(100) NOT NULL,
  `phone` varchar(100) NOT NULL,
  `address` varchar(255) NOT NULL,
  `user_id` int(10) UNSIGNED NOT NULL DEFAULT '0',
  `status` tinyint(1) NOT NULL DEFAULT '1'
) ENGINE=InnoDB DEFAULT CHARSET=utf8;

-- --------------------------------------------------------

--
-- Структура таблицы `image`
--

CREATE TABLE `image` (
  `id` int(10) UNSIGNED NOT NULL,
  `path700` varchar(255) NOT NULL,
  `path135` varchar(255) NOT NULL,
  `path50` varchar(225) NOT NULL,
  `status` tinyint(1) NOT NULL DEFAULT '1'
) ENGINE=InnoDB DEFAULT CHARSET=utf8;

--
-- Дамп данных таблицы `image`
--

INSERT INTO `image` (`id`, `path700`, `path135`, `path50`, `status`) VALUES
(0, '/1b/ca/c1cca8be2b.jpg', '/a1/30/1a841aaebd.jpg', '/b7/f9/5445838967.jpg', 1),
(1, '/40/53/93eeba108e.jpg', '/eb/7d/ef503a7779.jpg', '/08/87/496cb1d2ec.jpg', 1),
(2, '/96/0c/7eaab2cbfd.jpg', '/f8/69/5cffc7b61b.jpg', '/72/9c/3928c5452e.jpg', 1),
(3, '/5b/85/0d33831a8b.jpg', '/e7/5e/2fd92d3b59.jpg', '/f0/38/db58fcb416.jpg', 1),
(4, '/d8/e6/99a0cf5f65.jpg', '/e6/28/2f3c7acecb.jpg', '/f8/65/de60dbcec9.jpg', 1),
(5, '/e0/53/14664d9a6a.jpg', '/b8/30/5acff7d77c.jpg', '/88/2b/584e708e1f.jpg', 1),
(6, '/ea/34/6e806bc9bf.jpg', '/07/83/d9f026b637.jpg', '/37/eb/69613e691d.jpg', 1),
(7, '/b2/9d/618eda8f06.jpg', '/5e/06/5b307d43a0.jpg', '/b8/c8/7215e72eb8.jpg', 1),
(8, '/88/6e/696af0bb17.jpg', '/82/99/904cd12a54.jpg', '/40/03/022c94eae1.jpg', 1),
(9, '/03/a0/c739343b1c.jpg', '/16/dc/278db457aa.jpg', '/10/12/c47e98d22b.jpg', 1),
(10, '/4d/14/be1a3a2c67.jpg', '/db/25/d25a6aed95.jpg', '/ab/fe/bafc3f084a.jpg', 1),
(11, '/de/9a/be1a3a2c67.jpg', '/96/aa/d25a6aed95.jpg', '/0f/79/bafc3f084a.jpg', 1),
(12, '/02/59/be1a3a2c67.jpg', '/71/8c/d25a6aed95.jpg', '/51/57/bafc3f084a.jpg', 1),
(13, '/31/9e/be1a3a2c67.jpg', '/10/fe/d25a6aed95.jpg', '/92/fb/bafc3f084a.jpg', 1),
(14, '/6f/6c/be1a3a2c67.jpg', '/92/9c/d25a6aed95.jpg', '/fa/c7/bafc3f084a.jpg', 1),
(15, '/f7/fa/acf1657e19.jpg', '/db/53/e79ed39afe.jpg', '/7e/73/435f55b1c5.jpg', 1),
(16, '/e5/5b/696af0bb17.jpg', '/bf/19/904cd12a54.jpg', '/35/26/022c94eae1.jpg', 1),
(17, '/aa/03/5ac09b034c.jpg', '/92/aa/3368eb0ff6.jpg', '/68/82/9e91ca6b0e.jpg', 1),
(18, '/11/93/417243f8cd.jpg', '/be/2d/5664e71c08.jpg', '/c3/a9/433e3abecf.jpg', 1),
(19, '/cf/d0/5ac09b034c.jpg', '/0c/c7/3368eb0ff6.jpg', '/1b/69/9e91ca6b0e.jpg', 1),
(20, '/f8/de/417243f8cd.jpg', '/6e/fb/5664e71c08.jpg', '/86/16/433e3abecf.jpg', 1),
(21, '/f8/9c/facd88c61d.jpg', '/69/e2/4e144c2626.jpg', '/80/87/2d79d86972.jpg', 1),
(22, '/f1/d6/8c9403fb5a.jpg', '/01/0e/089d15d761.jpg', '/39/f4/90fe10a868.jpg', 1),
(23, '/cf/9a/0307411a4f.jpg', '/cf/5c/053becc660.jpg', '/e7/c8/b83bb8d3ad.jpg', 1),
(24, '/bb/b7/8e65473ba4.jpg', '/0a/b6/916d9d1167.jpg', '/1c/41/ae9d79c444.jpg', 1),
(25, '/eb/95/8c6aadaf95.jpg', '/5c/2d/5b56ee2246.jpg', '/06/af/00cfecf79d.jpg', 1),
(26, '/9b/bc/9ed0a2a7bb.jpg', '/f9/cd/06f5e000be.jpg', '/ca/5f/b1292a64a8.jpg', 1),
(27, '/b9/63/a93e6bfca3.jpg', '/9a/09/65435d128f.jpg', '/89/c7/55f5d5d10c.jpg', 1),
(28, '/9c/f5/76d3a09db8.jpg', '/89/6c/399bc55249.jpg', '/12/3c/10c68c58ed.jpg', 1),
(29, '/8b/d0/37b294524b.jpg', '/fc/d6/16dad37fc1.jpg', '/cd/a1/5755db6964.jpg', 1),
(30, '/70/ad/ee129526c1.jpg', '/b6/6e/7e7d101f92.jpg', '/54/de/bdffe2d0c8.jpg', 1),
(31, '/d1/41/7f7c2c8fd8.jpg', '/e3/3c/4867e48798.jpg', '/22/d3/366f77b03a.jpg', 1),
(32, '/66/8a/78d069b17d.jpg', '/d5/6a/03c91aad02.jpg', '/63/0d/9add8c1b8a.jpg', 1),
(33, '/63/e9/93eeba108e.jpg', '/2e/94/ef503a7779.jpg', '/9d/08/496cb1d2ec.jpg', 1),
(34, '/dd/87/769a877704.jpg', '/a5/3b/9a0c48e016.jpg', '/1d/2b/4a3bf1a3f5.jpg', 1),
(35, '/a4/3d/23cf677f95.jpg', '/3b/97/375c7aca7f.jpg', '/4d/66/207028e5c0.jpg', 1),
(36, '/4c/41/09681f93a8.jpg', '/71/f5/ebb1edc01b.jpg', '/17/b7/cbc2f6da48.jpg', 1),
(37, '/d6/dc/3d8eb45b67.jpg', '/0e/27/fc63c4aa8d.jpg', '/00/f8/f44e0f4b38.jpg', 1),
(38, '/f6/0b/b1ad2cd9ac.jpg', '/c4/c6/c444eefd6e.jpg', '/e6/69/5efa45b06f.jpg', 1),
(39, '/8a/5a/74d92f0ba3.jpg', '/df/91/4b450cb38c.jpg', '/ff/ea/08663756d5.jpg', 1),
(40, '/9a/72/1c2e1f9fe7.jpg', '/01/3f/ee02b406f1.jpg', '/6e/f8/2e99768397.jpg', 1),
(41, '/e4/a8/092f28d1b0.jpg', '/4c/99/693c956d51.jpg', '/e2/29/a7b8f29c41.jpg', 1),
(42, '/51/ed/ace84bec25.jpg', '/86/88/4b58f92217.jpg', '/f3/15/ce510058cb.jpg', 1),
(43, '/b4/f7/430374ca74.jpg', '/1d/1f/e29a90799e.jpg', '/04/3d/3b45f7e903.jpg', 1),
(44, '/47/59/6c0a306d46.jpg', '/40/5c/78a54b0ed9.jpg', '/92/27/506d4083d9.jpg', 1),
(45, '/81/e9/10b78e223d.jpg', '/69/e3/afcc45f6f4.jpg', '/08/96/c46f10338f.jpg', 1),
(46, '/a0/fa/fdad58f00d.jpg', '/db/7c/eb8ebe433e.jpg', '/08/9a/3af9b9f3fb.jpg', 1),
(47, '/06/33/147707f76d.jpg', '/78/fc/ac91bb7906.jpg', '/e7/67/989889ca37.jpg', 1),
(48, '/24/20/0ee3938314.jpg', '/6c/06/7d1dfba90c.jpg', '/2b/da/7468e07866.jpg', 1),
(49, '/8a/fd/f679a2695a.jpg', '/f4/98/d83483c186.jpg', '/df/d9/55c48bca80.jpg', 1),
(50, '/b5/99/f33eacf418.jpg', '/e4/c1/0b726814f3.jpg', '/28/24/0359ee8b2c.jpg', 1),
(51, '/f2/b1/06103b42a4.jpg', '/5b/17/9eca8ae73b.jpg', '/aa/d8/8cb41ef63e.jpg', 1),
(52, '/25/cd/0480294556.jpg', '/ea/17/aefc25b617.jpg', '/c6/69/26953737c3.jpg', 1),
(53, '/71/4e/8d5e9c2c46.jpg', '/b1/96/151f808d6e.jpg', '/9f/33/f0ab1d9e36.jpg', 1),
(54, '/6f/89/e591da5a6f.jpg', '/c4/03/69d0850fda.jpg', '/82/c6/d3aac43899.jpg', 1),
(55, '/20/07/50c6d7107e.jpg', '/ce/4e/d3f49b6b43.jpg', '/75/48/19bbc70ee3.jpg', 1),
(56, '/2e/4f/ac00352dff.jpg', '/e4/82/44e6ce03a3.jpg', '/13/90/4550d34f2e.jpg', 1),
(57, '/19/8d/c3009ccfcc.jpg', '/34/8a/2ebda3e702.jpg', '/91/00/de3e1188b4.jpg', 1),
(58, '/36/72/5e6e44a58c.jpg', '/ee/66/3808ca7c1f.jpg', '/e8/b5/58fc81c211.jpg', 1),
(59, '/95/d0/a217e6cbdc.jpg', '/b8/29/7a41fa47b0.jpg', '/7c/97/49f6bafa8c.jpg', 1),
(60, '/a3/de/9ce39df922.jpg', '/f0/6f/0ac791f66e.jpg', '/4b/2f/0d4c1668e8.jpg', 1),
(61, '/74/54/eec4208017.jpg', '/7e/3b/3e448a6f14.jpg', '/4c/3c/71fb229d4e.jpg', 1),
(62, '/d2/eb/de6b0e1d10.jpg', '/09/a4/e7827cbb2f.jpg', '/e0/ec/329e458eae.jpg', 1),
(63, '/e3/d5/30d17e4f0b.jpg', '/f2/fc/d4193308a3.jpg', '/34/db/b6e50c4155.jpg', 1),
(64, '/47/f1/6c3f951422.jpg', '/b0/a9/cd5315b650.jpg', '/ee/36/8f449e35c1.jpg', 1),
(65, '/02/5c/adcb87e167.jpg', '/15/50/ca97024efc.jpg', '/e4/80/ec4ff53de7.jpg', 1),
(66, '/a7/b5/6818a54a69.jpg', '/83/22/fb6981182c.jpg', '/9a/6f/1c885507cb.jpg', 1),
(67, '/32/34/b310713677.jpg', '/02/fe/ea5e911d2e.jpg', '/fa/9a/71fcca0a23.jpg', 1),
(68, '/7c/f6/02412dfbae.jpg', '/ca/61/eccc6f7df7.jpg', '/36/99/3c278f12fa.jpg', 1),
(69, '/dc/e6/9043c26996.jpg', '/55/6a/4e9addd590.jpg', '/ce/b6/5250452431.jpg', 1),
(70, '/d7/82/527ae5f4fd.jpg', '/4d/2d/3c6795c4ae.jpg', '/f7/43/0905429e48.jpg', 1),
(71, '/2c/d0/173b3f32b0.jpg', '/fc/bb/1523706bcb.jpg', '/9f/f9/941d5d19ec.jpg', 1),
(72, '/cf/ec/2bee3a9bd2.jpg', '/ef/ab/cb5925c8a5.jpg', '/94/2e/71406b0bcb.jpg', 1),
(73, '/eb/d1/f7d79c695b.jpg', '/b2/f8/4dcab417d6.jpg', '/33/5f/0f08a35109.jpg', 1),
(74, '/35/18/6bf49db5e9.jpg', '/c7/b7/1d1a4c89d2.jpg', '/62/d2/4624774084.jpg', 1),
(75, '/e9/1b/c120e38c34.jpg', '/3d/38/0b37b03fa8.jpg', '/1c/c0/75bcdbc002.jpg', 1),
(76, '/27/96/1c8fe134da.jpg', '/6f/e7/468424d1a4.jpg', '/e5/71/028b5acacd.jpg', 1),
(77, '/91/d3/c82bbf4c7e.jpg', '/ff/55/06d4745643.jpg', '/61/f5/bc53889132.jpg', 1),
(78, '/c7/09/1e048df2b3.jpg', '/ae/bc/368870dedb.jpg', '/58/a9/09f76e81df.jpg', 1),
(79, '/ee/b3/0844a3fb7b.jpg', '/ec/28/c30eb8bdf4.jpg', '/7a/49/ef4296f2fb.jpg', 1),
(80, '/dd/6d/c32b455660.jpg', '/55/25/23e532bc5e.jpg', '/93/f7/b9451ffe3e.jpg', 1),
(81, '/ef/12/1dcd905ec7.jpg', '/0c/1b/0051cb4461.jpg', '/a8/c8/951e4f917e.jpg', 1),
(82, '/02/25/4b0012bdac.jpg', '/33/7f/8c639badb9.jpg', '/5d/a4/e6471dec90.jpg', 1),
(83, '/3d/e7/206e700664.jpg', '/c2/ba/60057af096.jpg', '/ff/f3/90fdfc4cad.jpg', 1),
(84, '/1a/d3/5a4347e366.jpg', '/86/66/94736dfb98.jpg', '/28/2e/6e1bb046c3.jpg', 1),
(85, '/a9/f1/91c1383fd3.jpg', '/bf/77/7ee0927352.jpg', '/70/ab/b8883e20a2.jpg', 1);

-- --------------------------------------------------------

--
-- Структура таблицы `indent`
--

CREATE TABLE `indent` (
  `id` int(10) UNSIGNED NOT NULL,
  `contact_id` int(10) UNSIGNED NOT NULL,
  `state_id` int(10) UNSIGNED NOT NULL,
  `status` tinyint(1) NOT NULL DEFAULT '1'
) ENGINE=InnoDB DEFAULT CHARSET=utf8;

-- --------------------------------------------------------

--
-- Структура таблицы `producer`
--

CREATE TABLE `producer` (
  `id` int(10) UNSIGNED NOT NULL,
  `name` varchar(100) NOT NULL,
  `image_id` int(10) UNSIGNED NOT NULL,
  `status` tinyint(1) NOT NULL DEFAULT '1'
) ENGINE=InnoDB DEFAULT CHARSET=utf8;

--
-- Дамп данных таблицы `producer`
--

INSERT INTO `producer` (`id`, `name`, `image_id`, `status`) VALUES
(1, 'Burton', 2, 1),
(2, 'CAPiTA', 3, 1),
(3, 'DC', 4, 1),
(4, 'Flow', 5, 1),
(5, 'Never Summer', 6, 1),
(6, 'Rome', 7, 1),
(7, 'Jones', 9, 1),
(8, 'K2', 68, 1),
(9, 'Anon', 69, 1);

-- --------------------------------------------------------

--
-- Структура таблицы `product`
--

CREATE TABLE `product` (
  `id` int(10) UNSIGNED NOT NULL,
  `name` varchar(100) NOT NULL,
  `producer_id` int(10) UNSIGNED NOT NULL,
  `price` int(10) UNSIGNED NOT NULL,
  `year` int(10) UNSIGNED NOT NULL,
  `short_description` text NOT NULL,
  `description` text NOT NULL,
  `category_id` int(10) UNSIGNED NOT NULL,
  `is_new` tinyint(1) NOT NULL DEFAULT '0',
  `is_recomended` tinyint(1) NOT NULL DEFAULT '0',
  `status` tinyint(1) NOT NULL DEFAULT '1'
) ENGINE=InnoDB DEFAULT CHARSET=utf8;

--
-- Дамп данных таблицы `product`
--

INSERT INTO `product` (`id`, `name`, `producer_id`, `price`, `year`, `short_description`, `description`, `category_id`, `is_new`, `is_recomended`, `status`) VALUES
(1, 'Ripsaw', 5, 416, 2016, '', '', 2, 0, 0, 1),
(2, 'Focus', 3, 224, 2016, '', '', 2, 0, 0, 1),
(3, 'Mountain Twin', 7, 425, 2016, 'Mountain Twin идеально подходит как сноуборд на все случаи жизни.', 'Mountain Twin игривый и отзывчивый, идеально подходит для тех, кто хочет один сноуборд на все случаи жизни. Создан, чтобы превратить всю гору в персональный парк, не жертвуя высокими скоростями и стабильностью хода. Рокер в носу и  хвосте не дают доске тонуть в глубоком снегу, а кембер области закладных + Magne- Traction дают мертвую хватку на жестком склоне.﻿', 2, 1, 1, 1),
(4, 'Aviator', 7, 468, 2016, 'Идеально подходящий для подготовленных склонов и технического фристайла.', 'Суперстабильный универсал, идеально подходящий для подготовленных склонов и технического фристайла. Aviator также выбирают эксперты фрирайда, приверженцы старой школы, которым нужен только классический прогиб. Прогиб 3D-Power Camber -  кембер с приподнятыми кантами на концах контактных зон канта делает доску отзывчивой и жесткой, но немного игривой, добавляет плавучести в глубоком снегу.﻿', 2, 0, 1, 1),
(5, 'Artifact Rocker', 6, 260, 2016, 'Сноуборд  Rome Artifact Rocker это лучшая доска для джиба.', 'Сноуборд  Rome Artifact Rocker это лучшая доска для джиба на которой катает вся команда джиберов Rome. Сердечник деки идеально настроен для джиба, поэтому Artifact это покоритель перил и самых стайловых прессов. С 2013 года доска имеет карбоновые стрингеры HotRods в носу и тейле, благодаря которым разработчики смогли добиться отличного олли. Усиленные пластины из стекловолокна под креплениями позволяют выдерживать жесткие дизастеры на перилки и сходы в стрите. Кроме всего прочего в доске используется технология QuickRip Sidecut, что дает дополнительные контактные точки на кантах, благодаря которым доска просто вгрызается в жесткий склон и лед, тем самым позволяя вам проезжать участки льда, даже не замечая их.', 2, 1, 0, 1),
(6, 'Venus', 4, 245, 2016, 'Flow Venus понравится девушкам, для катание по всей горе.', 'Сноуборд Flow Venus с лёгким рокером между креплений и слегка направленной формой очень понравится девушкам, ориентированным на универсальное катание по всей горе и обожающим ощущение плавучести. Если ты возьмёшь этот сноуборд в бэккантри, то сразу же заметишь, насколько легче с ним стали повороты, а так же задняя нога не сгорает от напряжения, даже если катать целый день.', 2, 0, 0, 1),
(7, 'Merc', 4, 210, 2016, 'Сноуборд Flow Merc сконструирован специально для начинающих.', 'Сноуборд Flow Merc сконструирован специально для начинающих. Он позволяет легко прогрессировать в сноубординге. Гибридный рокер - это то, что нужно для отработки техники, он не подведет и в пухляке.', 2, 1, 0, 1),
(8, 'Jewel', 4, 260, 2015, 'С доской Flow Jewel 2015 Вы сможете кататься везде уверенно и стильно.', 'С доской Flow Jewel 2015 Вы сможете кататься везде уверенно и стильно - от бэккантри до парка. Этот сноуборд является выбором профессиональной сноубордистки Sarka Pankochova для пайпа и слоупстайла. Flow Jewel представляет собой отличное соотношение продольной мягкости для фана и торсионной жесткости для больших скоростей.', 2, 1, 0, 1),
(9, 'Cobra X', 5, 456, 2016, 'Широкая версия сноуборда EVO,  для и снижения веса и максимального контроля.', '«Never Summer Cobra X» ― широкая версия сноуборда EVO, доска спроектированная для и сниженного веса при вращениях и максимального контроля. Новая форма «блант» (срезанных концов) также имеет увеличенную эффективную рабочую длину канта для ещё большей стабильности и точности вылетов и приземлений. Зональный сердечник “PressFlexCore” дает новые возможности играть и «прессить» в парке и на трассах как угодно, тогда так комбинация силовых вилок «Carbon VXR» даёт заряд «щелчка» и живость. Это уникальный, легкий и мощный сноуборд который обеспечивает своему владельцу стабильность на высоких скоростях и надежность, благодаря виброгасящей системе “EDS”, такое явление редко встречающуюся в сноубордах для фристайла. Форма Twin Tip- . Конструкция – сэндвич.  Жесткость – 4/10. Обратный прогиб.', 2, 0, 0, 1),
(10, 'Factory Rocker', 6, 210, 2016, 'Прекрасный контроль на скорости и контролируемые приземления на трамплинах.', 'Сердечник доски Pop CoreMatrix это две  зоны с низкой плотностью древесины и расширенными фрагментами тополя.\r\nMtnpop Rocker 2 — Переработан в 2016 сезоне, мы изменили радиус рокера между ногами, так что теперь он, и контактные точки на канте касаются снега на не нагруженной доске.\r\nРокер между креплениями в сочетании с классическим прогибом под креплениями, и рокером в зоне носа и хвоста, делает доску универсальным снарядом, который не подведет ни в парке, ни на кикерах, ни в глубоком снегу а также идеальный контроль доски на больших скоростях, будь то лед, вельвет, или просто укатанный до бетона снег. В сочетании с технологией QuckRip, которая добавляет доске еще несколько контактных точек на кантах, доски с Mtnpop рокером идеально подходят для катания по любым склонам.\r\nНекоторые райдеры называют его лучшим рокером объединившим катание в парках на трамплинах, и идеальным контролем скорости на жестких склонах, и вне трасс.', 2, 0, 1, 1),
(11, 'Deja Vu Flying V', 1, 336, 2016, 'Deja Vu - маневренность рокера и стабильность кэмбера благодаря прогибу Flying V', 'Burton Deja Vu. Этот Сноуборд вобрал в себя маневренность рокера и стабильность кэмбера благодаря прогибу Flying V, а симметричная форма позволит Вам наслаждаться катанием в свиче или, например, обучению этому полезному умению. Burton Deja Vu будет стабильно вести себя на скоростях и останется достаточно послушным даже на твердой ледяной трассе благодаря расширенным выступающим кантам в зоне креплений для лучшего сцепления. Если Вы ищете универсальный Сноуборд для динамичного катания и получения адреналина на скоростных спусках и прыжков в парке, то Deja Vu станет отличным выбором.', 2, 0, 1, 1),
(12, 'Chopper', 1, 133, 2016, 'Сноуборд для маленьких покорителей снежных склонов.', 'Сноуборд для маленьких покорителей снежных склонов, который с самого начала поможет поставить правильную технику катания. Burton Chopper – очень мягкая доска, ее плоский скользяк обеспечивает отличный контроль и баланс, благодаря чему юные райдеры могут быстро обучиться поворотам и торможению. Подходит даже для самых маленьких. К носу или хвосту ростовок 80-120 см можно прикрепить страховочный трос Riglet.', 2, 1, 0, 1),
(13, 'Antler', 1, 430, 2016, 'Antler заслужила отличные отзывы райдеров, прочно закрепилась в линейке.', 'Carbon Highlights: 60°. Карбоновые нити пронизывают стекловолокно по всей площади и используются для уменьшения веса доски и улучшения торсионной жесткости + некоторые дополнительные характеристики, также влияющие на "ходовые" качества. Угол 60° повышает маневренность доски и её "игривость", в свою очередь угол 45° используется при более агрессивном катании. В целом, использование карбоновых нитей делает доску стабильнее, отзывчивее и легче.\r\nDirectional Shape - классическая, наиболее многообразная форма доски (большинство экспериментов с формами ведутся именно с ней). Нос всегда длиннее хвоста. Это делает доску универсальной - можно кататься в парке, по подготовленным склонам и в пухлом снегу. \r\nPro-Tip - у доски есть 2 зоны, которые реже касаются снега и используются при катании - нос и хвост за пределами контактной зоны. Для снижения веса доски и повышения маневренности толщина носа и хвоста постепенно уменьшается.\r\nSqueezebox - профиль сердечника имеет разную толщину (тоньше под креплениями и толще рядом, представьте баян). Это позволяет передавать энергию от ноги к хвосту и носу доски значительно быстрее, при этом доска ведет себя стабильнее и легче управляется.\r\nThe Channel - позволяет выбрать ширину и угол установки креплений с точностью до миллиметра и градуса. Channel совместим со всеми типами креплений - EST, Re:Flex и традиционными дисковыми.  С сезона 2013-2014 все сноуборды компании Burton будут идти этой технологией.\r\nTwin Flex - гибкость доски абсолютно симметрична от носа до хвоста. Для сбалансированного катания в любой стойке (своей или обратной).', 2, 0, 0, 1),
(14, 'Gang Plank', 6, 276, 2016, '', '', 2, 0, 0, 1),
(15, 'Process Flying V', 1, 360, 2016, 'Про-модель Марка Мак-Морриса для трюков.', 'Про-модель Марка Мак-Морриса создана для непринужденного катания в сочетании с четкими трюками. Эта доска создана для маневренной езды и мощного щелчка, вобрав в себя все лучшее от кэмбера и рокера, снабженная прогибом Flying V, Burton Process FV позволят Вам насладиться отличной отзывчивостью во время спусков по трассам или катания в парке. Супер легкий сердечник FSC™ CERTIFIED SUPER FLY II™ 700G DUALZONE™ EGD™ позволит ощутить мощный щелчок и отзывчивость доски. Burton Process рождена для максимально оптимально работы с райдером, просто дайте ей понять желаемую траекторию и любой трюк станет Вам по силам.', 2, 0, 0, 1),
(16, 'Haylo', 4, 98, 2016, 'Haylo вобрало в себя все самые лучшие черты и технологии Flow.', 'Женское крепление Haylo уникально в своём роде. Оно вобрало в себя все самые лучшие черты и технологии Flow, при этом стоимость их сохраняется на достаточно низком уровне. Передача энергии улучшена за счёт встроенного стального кабеля, комфорт на высоте благодаря мягкому и отзывчивому хайбэку. Повороты на скорости в целине для новичков или профессионалов покажутся детской игрой с этими замечательными креплениями в ногах.', 3, 0, 1, 1),
(17, 'Nx2 Hybrid', 4, 200, 2015, 'NX2 HYBRID созданы для того, чтобы доставлять на нереальных скоростях.', 'Данные крепления созданы для того, чтобы доставлять настоящий фан на нереальных скоростях. Fuse-GT становятся все больше и больше популярны среди райдеров нашей команды. Невероятно отзывчивые, слегка мягче креплений NX2-GT, за счет полностью композитной нейлон/стекло-волоконной базы. Система AST гарантирует наиболее быстрое и комфортное встегивание.', 3, 0, 1, 1),
(18, 'Nx2-Gt', 4, 247, 2016, 'Эти крепления создают максимальную связь между райдером и доской.', 'Эти крепления создают максимальную связь между райдером и доской. Flow NX2 являются топовыми креплениями в коллекции Flow, поскольку они самые легкие и отзывчивые. Неповторимая поддержка и прочность благодаря алюминиевой базе и хайбеку из алюминия, комбинированного с карбоном. Быстрое и комфортное застегивание, благодаря системе AST. Подушки BankBeds c уклоном в 2.5 градуса и амортизация OC Kush гарантируют отличную поддержку и распределение энергии.', 3, 1, 0, 1),
(19, 'Malavita', 1, 240, 2016, 'Одни из самых популярных и высокотехнологичных креплений.', 'Одни из самых популярных и высокотехнологичных креплений, нацеленных на фристайл, выбор про-райдеров Burton. Анатомичный хайбэк Living Hinge, специально формованный под левую и правую ногу, двухкомпонентная легкая база EST из композитного материала и супер легкие формованные 3D стрепы с технологией Flex Slider благодаря которой расстегнутый стреп не возвращается на место не мешая ботинку легко заходить в крепления – Burton Malavita созданы быть удобными, помогая райдеру максимально взаимодействовать с доской.', 3, 0, 0, 1),
(20, 'Targa', 6, 232, 2016, '', '', 3, 0, 0, 1),
(21, 'Hyku Coiler', 4, 120, 2016, 'Flow Hyku Coiler представляют собой лучшее сочетание комфорта и цены.', 'Flow Hyku Coiler представляют собой лучшее сочетание комфорта и цены. Это замечательный недорогой вариант для всех, кто решил встать на сноуборд или же катается не очень часто. Прочные и удобные ботинки с одинарной шнуровкой BOA.', 4, 1, 1, 1),
(22, 'Amb', 1, 196, 2016, '', '', 4, 0, 1, 1),
(23, 'Photon', 1, 280, 2016, '', '', 4, 0, 0, 1),
(24, 'Phase', 3, 112, 2016, '', '', 4, 0, 0, 1),
(25, 'Helo 2', 9, 112, 2015, 'Ультра-лёгкая литая оболочка из поликарбоната, пассивная вентиляция.', 'Ультра-лёгкая литая оболочка из поликарбоната; вентиляционная сетка; пассивная вентиляция; канал для вентиляции маски; флис на кромке и накладках для ушей; оптимальная комфортная посадка; аудиосистема SkullCandy™ ; сертифицировано ASTM 2040, CE 1077B; вес: 370g; стандартная система затяжки.', 5, 1, 0, 1),
(26, 'Rime', 9, 56, 2016, 'Удобный и легкий, шлем Anon Rime будет в радость юным райдерам.', 'Удобный и легкий, шлем Anon Rime будет в радость юным райдерам, потому что дарит не только чувство полной безопасности и уверенности, но и премиальный комфорт с идеальной посадкой. Съемная флисовая подкладка с наушниками и встроенные каналы вентиляции обеспечат сбалансированный температурный комфорт на протяжении всего катального дня. Родителям – спокойствие, детям – непринужденное безопасное катание. Ультралегкая конструкция с материалом Endura-Shell в зонах повышенного износа. Ультрабыстрая и безопасная застежка Fidlock® Snap Helmet Buckle. Пассивные вентиляционные каналы – свежий воздух поступает спереди и выводит влагу сзади, что также предотвращает запотевание маски. Simple Fit – возможность быстро и легко снять наушники для тех, кто любит носить шлем поверх шапки и маски.', 5, 0, 1, 1),
(27, 'Raider', 9, 56, 2014, 'Простой в использовании и регулировке шлем.', 'Простой в использовании и регулировке шлем, в котором есть всё необходимое! Съёмные наушники, система вентиляции, съёмная клипса для маски. Имеет все необходимые европейские и мировые сертификаты. Пассивная вентиляция. Подкладка из флиса. Съемная клипса для маски. SkullCandy™ ASFX Audio совместимость. Простой в использовании и регулировке шлем, в котором есть всё необходимое! Съёмные наушники, система вентиляции, съёмная клипса для маски. Имеет все необходимые европейские и мировые сертификаты. Пассивная вентиляция.', 5, 0, 0, 1);

-- --------------------------------------------------------

--
-- Структура таблицы `product_has_image`
--

CREATE TABLE `product_has_image` (
  `product_id` int(10) UNSIGNED NOT NULL,
  `image_id` int(10) UNSIGNED NOT NULL
) ENGINE=InnoDB DEFAULT CHARSET=utf8;

--
-- Дамп данных таблицы `product_has_image`
--

INSERT INTO `product_has_image` (`product_id`, `image_id`) VALUES
(1, 14),
(2, 15),
(3, 18),
(3, 19),
(3, 20),
(4, 21),
(4, 22),
(4, 23),
(5, 24),
(6, 25),
(7, 26),
(7, 27),
(8, 28),
(9, 29),
(10, 30),
(10, 31),
(10, 32),
(10, 33),
(11, 34),
(11, 35),
(12, 36),
(13, 37),
(14, 38),
(15, 39),
(16, 41),
(16, 42),
(17, 43),
(17, 44),
(17, 45),
(18, 46),
(18, 47),
(18, 48),
(18, 49),
(19, 50),
(19, 51),
(20, 52),
(20, 53),
(21, 55),
(21, 56),
(22, 57),
(22, 58),
(22, 59),
(22, 60),
(23, 61),
(23, 62),
(23, 63),
(24, 64),
(24, 65),
(24, 66),
(25, 70),
(25, 71),
(25, 72),
(25, 73),
(25, 74),
(26, 75),
(26, 76),
(26, 77),
(26, 78),
(26, 79),
(27, 80),
(27, 81),
(27, 82),
(27, 83),
(27, 84),
(27, 85);

-- --------------------------------------------------------

--
-- Структура таблицы `product_has_value`
--

CREATE TABLE `product_has_value` (
  `product_id` int(10) UNSIGNED NOT NULL,
  `value_id` int(10) UNSIGNED NOT NULL
) ENGINE=InnoDB DEFAULT CHARSET=utf8;

--
-- Дамп данных таблицы `product_has_value`
--

INSERT INTO `product_has_value` (`product_id`, `value_id`) VALUES
(1, 2),
(1, 13),
(1, 18),
(1, 21),
(1, 22),
(1, 27),
(2, 6),
(2, 12),
(2, 18),
(2, 19),
(2, 24),
(2, 27),
(3, 8),
(3, 13),
(3, 17),
(3, 21),
(3, 23),
(3, 27),
(4, 1),
(4, 13),
(4, 17),
(4, 21),
(4, 24),
(4, 25),
(5, 10),
(5, 12),
(5, 18),
(5, 20),
(5, 24),
(5, 25),
(6, 3),
(6, 11),
(6, 17),
(6, 19),
(6, 22),
(6, 26),
(7, 2),
(7, 12),
(7, 17),
(7, 19),
(7, 22),
(7, 25),
(8, 2),
(8, 12),
(8, 18),
(8, 20),
(8, 24),
(8, 26),
(9, 2),
(9, 13),
(9, 17),
(9, 20),
(9, 22),
(9, 27),
(10, 2),
(10, 12),
(10, 18),
(10, 20),
(10, 22),
(10, 27),
(11, 5),
(11, 12),
(11, 18),
(11, 20),
(11, 24),
(11, 26),
(12, 3),
(12, 11),
(12, 18),
(12, 20),
(12, 22),
(12, 28),
(13, 1),
(13, 12),
(13, 17),
(13, 20),
(13, 23),
(13, 25),
(14, 10),
(14, 12),
(14, 18),
(14, 20),
(14, 22),
(14, 25),
(15, 5),
(15, 11),
(15, 18),
(15, 20),
(15, 24),
(15, 25),
(16, 29),
(16, 33),
(16, 37),
(16, 39),
(17, 30),
(17, 34),
(17, 37),
(17, 38),
(18, 32),
(18, 35),
(18, 36),
(18, 38),
(19, 30),
(19, 34),
(19, 36),
(19, 40),
(20, 31),
(20, 35),
(20, 36),
(20, 38),
(21, 42),
(21, 46),
(21, 49),
(21, 54),
(22, 43),
(22, 47),
(22, 50),
(22, 53),
(23, 44),
(23, 47),
(23, 49),
(23, 53),
(24, 43),
(24, 46),
(24, 51),
(24, 53),
(25, 57),
(25, 62),
(26, 60),
(26, 62),
(27, 59),
(27, 62);

-- --------------------------------------------------------

--
-- Структура таблицы `size`
--

CREATE TABLE `size` (
  `id` int(10) UNSIGNED NOT NULL,
  `name` varchar(100) NOT NULL,
  `category_id` int(10) UNSIGNED NOT NULL,
  `status` tinyint(1) NOT NULL DEFAULT '1'
) ENGINE=InnoDB DEFAULT CHARSET=utf8;

--
-- Дамп данных таблицы `size`
--

INSERT INTO `size` (`id`, `name`, `category_id`, `status`) VALUES
(0, 'Default', 0, 1),
(1, '153', 2, 1),
(2, '159', 2, 1),
(3, '144', 2, 1),
(4, '154', 2, 1),
(5, '155W', 2, 1),
(6, '157', 2, 1),
(7, '158W', 2, 1),
(8, '160', 2, 1),
(9, '162', 2, 1),
(10, '158', 2, 1),
(11, '147', 2, 1),
(12, '152MV', 2, 1),
(13, '150', 2, 1),
(14, '156', 2, 1),
(15, '156W', 2, 1),
(16, '138', 2, 1),
(17, '141', 2, 1),
(18, '80', 2, 1),
(19, '120', 2, 1),
(20, '115', 2, 1),
(21, '130', 2, 1),
(22, 'XS', 3, 1),
(23, 'S', 3, 1),
(24, 'S/M', 3, 1),
(25, 'M', 3, 1),
(26, 'M/L', 3, 1),
(27, 'L', 3, 1),
(28, 'L/XL', 3, 1),
(29, 'XL', 3, 1),
(30, '5.5', 4, 1),
(31, '6', 4, 1),
(32, '6.5', 4, 1),
(33, '7', 4, 1),
(34, '7.5', 4, 1),
(35, '8', 4, 1),
(36, '8.5', 4, 1),
(37, '9', 4, 1),
(38, '9.5', 4, 1),
(39, '10', 4, 1),
(40, '10.5', 4, 1),
(41, '11', 4, 1),
(42, '11.5', 4, 1),
(43, '12', 4, 1),
(44, '13', 4, 1),
(45, '14', 4, 1),
(46, 'S', 5, 1),
(47, 'M', 5, 1),
(48, 'L', 5, 1),
(49, 'XL', 5, 1),
(50, 'S/M', 5, 1),
(51, 'L/XL', 5, 1);

-- --------------------------------------------------------

--
-- Структура таблицы `state`
--

CREATE TABLE `state` (
  `id` int(10) UNSIGNED NOT NULL,
  `name` varchar(100) NOT NULL,
  `status` tinyint(1) NOT NULL DEFAULT '1'
) ENGINE=InnoDB DEFAULT CHARSET=utf8;

-- --------------------------------------------------------

--
-- Структура таблицы `user`
--

CREATE TABLE `user` (
  `id` int(10) UNSIGNED NOT NULL,
  `first_name` varchar(100) NOT NULL,
  `last_name` varchar(100) NOT NULL,
  `email` varchar(255) NOT NULL,
  `login` varchar(100) NOT NULL,
  `password` varchar(100) NOT NULL,
  `hash` varchar(100) NOT NULL,
  `status` tinyint(1) NOT NULL DEFAULT '1'
) ENGINE=InnoDB DEFAULT CHARSET=utf8;

--
-- Дамп данных таблицы `user`
--

INSERT INTO `user` (`id`, `first_name`, `last_name`, `email`, `login`, `password`, `hash`, `status`) VALUES
(1, '', '', '', 'admin', '4a225ea05f3a199443848ac2f9d9e360', 'd5b0a38d7b3f61768cf7bfd28c9b006f', 1);

--
-- Индексы сохранённых таблиц
--

--
-- Индексы таблицы `available`
--
ALTER TABLE `available`
  ADD PRIMARY KEY (`id`,`size_id`,`color_id`,`product_id`),
  ADD UNIQUE KEY `id_UNIQUE` (`id`),
  ADD KEY `fk_available_color1_idx` (`color_id`),
  ADD KEY `fk_available_size1_idx` (`size_id`),
  ADD KEY `fk_available_product1_idx` (`product_id`);

--
-- Индексы таблицы `cargo`
--
ALTER TABLE `cargo`
  ADD PRIMARY KEY (`id`,`indent_id`,`available_id`),
  ADD UNIQUE KEY `id_UNIQUE` (`id`),
  ADD KEY `fk_indent_has_available_available1_idx` (`available_id`),
  ADD KEY `fk_indent_has_available_indent1_idx` (`indent_id`);

--
-- Индексы таблицы `category`
--
ALTER TABLE `category`
  ADD PRIMARY KEY (`id`,`image_id`,`parent_id`),
  ADD UNIQUE KEY `id_UNIQUE` (`id`),
  ADD KEY `fk_category_category_idx` (`parent_id`),
  ADD KEY `fk_category_image1_idx` (`image_id`);

--
-- Индексы таблицы `char_name`
--
ALTER TABLE `char_name`
  ADD PRIMARY KEY (`id`,`category_id`),
  ADD UNIQUE KEY `id_UNIQUE` (`id`),
  ADD KEY `fk_char_name_category1_idx` (`category_id`);

--
-- Индексы таблицы `char_value`
--
ALTER TABLE `char_value`
  ADD PRIMARY KEY (`id`,`name_id`),
  ADD UNIQUE KEY `id_UNIQUE` (`id`),
  ADD KEY `fk_char_value_char_name1_idx` (`name_id`);

--
-- Индексы таблицы `color`
--
ALTER TABLE `color`
  ADD PRIMARY KEY (`id`),
  ADD UNIQUE KEY `id_UNIQUE` (`id`),
  ADD UNIQUE KEY `value_UNIQUE` (`value`);

--
-- Индексы таблицы `contact`
--
ALTER TABLE `contact`
  ADD PRIMARY KEY (`id`,`user_id`),
  ADD UNIQUE KEY `id_UNIQUE` (`id`),
  ADD KEY `fk_contact_user1_idx` (`user_id`);

--
-- Индексы таблицы `image`
--
ALTER TABLE `image`
  ADD PRIMARY KEY (`id`),
  ADD UNIQUE KEY `id_UNIQUE` (`id`);

--
-- Индексы таблицы `indent`
--
ALTER TABLE `indent`
  ADD PRIMARY KEY (`id`,`contact_id`,`state_id`),
  ADD UNIQUE KEY `id_UNIQUE` (`id`),
  ADD KEY `fk_indent_state1_idx` (`state_id`),
  ADD KEY `fk_indent_contact1_idx` (`contact_id`);

--
-- Индексы таблицы `producer`
--
ALTER TABLE `producer`
  ADD PRIMARY KEY (`id`,`image_id`),
  ADD UNIQUE KEY `id_UNIQUE` (`id`),
  ADD KEY `fk_producer_image1_idx` (`image_id`);

--
-- Индексы таблицы `product`
--
ALTER TABLE `product`
  ADD PRIMARY KEY (`id`,`producer_id`,`category_id`),
  ADD UNIQUE KEY `id_UNIQUE` (`id`),
  ADD KEY `fk_product_category1_idx` (`category_id`),
  ADD KEY `fk_product_producer1_idx` (`producer_id`);

--
-- Индексы таблицы `product_has_image`
--
ALTER TABLE `product_has_image`
  ADD PRIMARY KEY (`product_id`,`image_id`),
  ADD KEY `fk_product_has_image_image1_idx` (`image_id`),
  ADD KEY `fk_product_has_image_product1_idx` (`product_id`);

--
-- Индексы таблицы `product_has_value`
--
ALTER TABLE `product_has_value`
  ADD PRIMARY KEY (`product_id`,`value_id`),
  ADD KEY `fk_product_has_char_value_char_value1_idx` (`value_id`),
  ADD KEY `fk_product_has_char_value_product1_idx` (`product_id`);

--
-- Индексы таблицы `size`
--
ALTER TABLE `size`
  ADD PRIMARY KEY (`id`,`category_id`),
  ADD UNIQUE KEY `id_UNIQUE` (`id`),
  ADD KEY `fk_size_category1_idx` (`category_id`);

--
-- Индексы таблицы `state`
--
ALTER TABLE `state`
  ADD PRIMARY KEY (`id`),
  ADD UNIQUE KEY `id_UNIQUE` (`id`),
  ADD UNIQUE KEY `name_UNIQUE` (`name`);

--
-- Индексы таблицы `user`
--
ALTER TABLE `user`
  ADD PRIMARY KEY (`id`),
  ADD UNIQUE KEY `id_UNIQUE` (`id`),
  ADD UNIQUE KEY `login_UNIQUE` (`login`),
  ADD UNIQUE KEY `email_UNIQUE` (`email`);

--
-- AUTO_INCREMENT для сохранённых таблиц
--

--
-- AUTO_INCREMENT для таблицы `available`
--
ALTER TABLE `available`
  MODIFY `id` int(10) UNSIGNED NOT NULL AUTO_INCREMENT, AUTO_INCREMENT=271;
--
-- AUTO_INCREMENT для таблицы `cargo`
--
ALTER TABLE `cargo`
  MODIFY `id` int(10) UNSIGNED NOT NULL AUTO_INCREMENT;
--
-- AUTO_INCREMENT для таблицы `category`
--
ALTER TABLE `category`
  MODIFY `id` int(10) UNSIGNED NOT NULL AUTO_INCREMENT, AUTO_INCREMENT=6;
--
-- AUTO_INCREMENT для таблицы `char_name`
--
ALTER TABLE `char_name`
  MODIFY `id` int(10) UNSIGNED NOT NULL AUTO_INCREMENT, AUTO_INCREMENT=17;
--
-- AUTO_INCREMENT для таблицы `char_value`
--
ALTER TABLE `char_value`
  MODIFY `id` int(10) UNSIGNED NOT NULL AUTO_INCREMENT, AUTO_INCREMENT=63;
--
-- AUTO_INCREMENT для таблицы `color`
--
ALTER TABLE `color`
  MODIFY `id` int(10) UNSIGNED NOT NULL AUTO_INCREMENT, AUTO_INCREMENT=18;
--
-- AUTO_INCREMENT для таблицы `contact`
--
ALTER TABLE `contact`
  MODIFY `id` int(10) UNSIGNED NOT NULL AUTO_INCREMENT;
--
-- AUTO_INCREMENT для таблицы `image`
--
ALTER TABLE `image`
  MODIFY `id` int(10) UNSIGNED NOT NULL AUTO_INCREMENT, AUTO_INCREMENT=86;
--
-- AUTO_INCREMENT для таблицы `indent`
--
ALTER TABLE `indent`
  MODIFY `id` int(10) UNSIGNED NOT NULL AUTO_INCREMENT;
--
-- AUTO_INCREMENT для таблицы `producer`
--
ALTER TABLE `producer`
  MODIFY `id` int(10) UNSIGNED NOT NULL AUTO_INCREMENT, AUTO_INCREMENT=10;
--
-- AUTO_INCREMENT для таблицы `product`
--
ALTER TABLE `product`
  MODIFY `id` int(10) UNSIGNED NOT NULL AUTO_INCREMENT, AUTO_INCREMENT=28;
--
-- AUTO_INCREMENT для таблицы `size`
--
ALTER TABLE `size`
  MODIFY `id` int(10) UNSIGNED NOT NULL AUTO_INCREMENT, AUTO_INCREMENT=52;
--
-- AUTO_INCREMENT для таблицы `state`
--
ALTER TABLE `state`
  MODIFY `id` int(10) UNSIGNED NOT NULL AUTO_INCREMENT;
--
-- AUTO_INCREMENT для таблицы `user`
--
ALTER TABLE `user`
  MODIFY `id` int(10) UNSIGNED NOT NULL AUTO_INCREMENT, AUTO_INCREMENT=2;
--
-- Ограничения внешнего ключа сохраненных таблиц
--

--
-- Ограничения внешнего ключа таблицы `available`
--
ALTER TABLE `available`
  ADD CONSTRAINT `fk_available_color1` FOREIGN KEY (`color_id`) REFERENCES `color` (`id`) ON DELETE CASCADE ON UPDATE CASCADE,
  ADD CONSTRAINT `fk_available_product1` FOREIGN KEY (`product_id`) REFERENCES `product` (`id`) ON DELETE CASCADE ON UPDATE CASCADE,
  ADD CONSTRAINT `fk_available_size1` FOREIGN KEY (`size_id`) REFERENCES `size` (`id`) ON DELETE CASCADE ON UPDATE CASCADE;

--
-- Ограничения внешнего ключа таблицы `cargo`
--
ALTER TABLE `cargo`
  ADD CONSTRAINT `fk_indent_has_available_available1` FOREIGN KEY (`available_id`) REFERENCES `available` (`id`) ON DELETE NO ACTION ON UPDATE NO ACTION,
  ADD CONSTRAINT `fk_indent_has_available_indent1` FOREIGN KEY (`indent_id`) REFERENCES `indent` (`id`) ON DELETE NO ACTION ON UPDATE NO ACTION;

--
-- Ограничения внешнего ключа таблицы `category`
--
ALTER TABLE `category`
  ADD CONSTRAINT `fk_category_category` FOREIGN KEY (`parent_id`) REFERENCES `category` (`id`) ON DELETE CASCADE ON UPDATE CASCADE,
  ADD CONSTRAINT `fk_category_image1` FOREIGN KEY (`image_id`) REFERENCES `image` (`id`) ON DELETE CASCADE ON UPDATE CASCADE;

--
-- Ограничения внешнего ключа таблицы `char_name`
--
ALTER TABLE `char_name`
  ADD CONSTRAINT `fk_char_name_category1` FOREIGN KEY (`category_id`) REFERENCES `category` (`id`) ON DELETE CASCADE ON UPDATE CASCADE;

--
-- Ограничения внешнего ключа таблицы `char_value`
--
ALTER TABLE `char_value`
  ADD CONSTRAINT `fk_char_value_char_name1` FOREIGN KEY (`name_id`) REFERENCES `char_name` (`id`) ON DELETE CASCADE ON UPDATE CASCADE;

--
-- Ограничения внешнего ключа таблицы `contact`
--
ALTER TABLE `contact`
  ADD CONSTRAINT `fk_contact_user1` FOREIGN KEY (`user_id`) REFERENCES `user` (`id`) ON DELETE NO ACTION ON UPDATE NO ACTION;

--
-- Ограничения внешнего ключа таблицы `indent`
--
ALTER TABLE `indent`
  ADD CONSTRAINT `fk_indent_contact1` FOREIGN KEY (`contact_id`) REFERENCES `contact` (`id`) ON DELETE NO ACTION ON UPDATE NO ACTION,
  ADD CONSTRAINT `fk_indent_state1` FOREIGN KEY (`state_id`) REFERENCES `state` (`id`) ON DELETE NO ACTION ON UPDATE NO ACTION;

--
-- Ограничения внешнего ключа таблицы `producer`
--
ALTER TABLE `producer`
  ADD CONSTRAINT `fk_producer_image1` FOREIGN KEY (`image_id`) REFERENCES `image` (`id`) ON DELETE CASCADE ON UPDATE CASCADE;

--
-- Ограничения внешнего ключа таблицы `product`
--
ALTER TABLE `product`
  ADD CONSTRAINT `fk_product_category1` FOREIGN KEY (`category_id`) REFERENCES `category` (`id`) ON DELETE CASCADE ON UPDATE CASCADE,
  ADD CONSTRAINT `fk_product_producer1` FOREIGN KEY (`producer_id`) REFERENCES `producer` (`id`) ON DELETE CASCADE ON UPDATE CASCADE;

--
-- Ограничения внешнего ключа таблицы `product_has_image`
--
ALTER TABLE `product_has_image`
  ADD CONSTRAINT `fk_product_has_image_image1` FOREIGN KEY (`image_id`) REFERENCES `image` (`id`) ON DELETE CASCADE ON UPDATE CASCADE,
  ADD CONSTRAINT `fk_product_has_image_product1` FOREIGN KEY (`product_id`) REFERENCES `product` (`id`) ON DELETE CASCADE ON UPDATE CASCADE;

--
-- Ограничения внешнего ключа таблицы `product_has_value`
--
ALTER TABLE `product_has_value`
  ADD CONSTRAINT `fk_product_has_char_value_char_value1` FOREIGN KEY (`value_id`) REFERENCES `char_value` (`id`) ON DELETE CASCADE ON UPDATE CASCADE,
  ADD CONSTRAINT `fk_product_has_char_value_product1` FOREIGN KEY (`product_id`) REFERENCES `product` (`id`) ON DELETE CASCADE ON UPDATE CASCADE;

--
-- Ограничения внешнего ключа таблицы `size`
--
ALTER TABLE `size`
  ADD CONSTRAINT `fk_size_category1` FOREIGN KEY (`category_id`) REFERENCES `category` (`id`) ON DELETE CASCADE ON UPDATE CASCADE;

/*!40101 SET CHARACTER_SET_CLIENT=@OLD_CHARACTER_SET_CLIENT */;
/*!40101 SET CHARACTER_SET_RESULTS=@OLD_CHARACTER_SET_RESULTS */;
/*!40101 SET COLLATION_CONNECTION=@OLD_COLLATION_CONNECTION */;
